id,style,task_type,industry,region,base_words,tuned_words,base_rougeL_vs_prompt,tuned_rougeL_vs_prompt,base_format_hits,tuned_format_hits,outputs_identical,base_output,tuned_output,manual_base_1to5,manual_tuned_1to5
mr_001_plain,plain,theme_summary,SaaS,North America,5,13,0.2424,0.2439,0,0,False,Use the app's onboarding feature.,Use the app's onboarding experience to make sure you have a good experience.,,
mr_001_role_based,role_based,theme_summary,SaaS,North America,12,77,0.2105,0.1333,0,0,False,Make sure you have a good understanding of the app's onboarding experience.,Write down the themes of a project-management app's onboarding experience. Write down the themes of a project-management app's onboarding experience. Write down the themes of a project-management app's onboarding experience. Write down the themes of a project-management app's onboarding experience. Write down the themes of a project-management app's onboarding experience. Write down the themes of a project-management app's onboarding experience. Write down the themes of a project-management app's onboarding experience. Write down the themes of a project-,,
mr_001_few_shot,few_shot,theme_summary,SaaS,North America,9,8,0.0256,0.1538,0,0,False,Frequently Asked Questions (FAQs) and Frequently Asked Questions (FAQs),Identify the themes of the app's onboarding experience.,,
mr_001_structured_cot,structured_cot,theme_summary,SaaS,North America,107,26,0.0658,0.4412,1,4,False,Project-management apps have a lot of features that can be used to help customers with their projects. Write down the key findings. Write down the key findings. Write down the key findings. Write down the key findings. Write down the key findings. Write down the key findings. Write down the key findings. Write down the key findings. Write down the key findings. Write down the key findings. Write down the key findings. Write down the key findings. Write down the key findings. Write down the key findings. Write down the key findings. Write down the key findings. Write down the key findings. Write down the key findings,Project-management app's onboarding experience is the most common theme in customer complaints. Write down key findings: ... Evidence needed: ... Bias or limits: ... Recommendation: ...,,
mr_002_plain,plain,theme_summary,Retail,Southeast Asia,11,19,0.2286,0.3333,0,0,False,Customers have a tendency to complain about the company's delivery delays.,"Customers have a tendency to complain about delivery delays, but the company has a tendency to ignore the issues.",,
mr_002_role_based,role_based,theme_summary,Retail,Southeast Asia,8,8,0.2041,0.2041,0,0,True,Use a market-research analyst to analyze customer feedback.,Use a market-research analyst to analyze customer feedback.,,
mr_002_few_shot,few_shot,theme_summary,Retail,Southeast Asia,8,10,0.1081,0.1333,0,0,False,Customers have complained about the company's delivery delays.,Identify themes that appear in customer feedback about a store.,,
mr_002_structured_cot,structured_cot,theme_summary,Retail,Southeast Asia,94,20,0.0746,0.4333,0,1,False,Review customer feedback on a product or service. Identify the issues that are causing the problem. Identify the issues that are causing the problem. Identify the issues that are causing the problem. Identify the issues that are causing the problem. Identify the issues that are causing the problem. Identify the issues that are causing the problem. Identify the issues that are causing the problem. Identify the issues that are causing the problem. Identify the issues that are causing the problem. Identify the issues that are causing the problem. Identify the issues that are causing,Identify key customer feedback themes. Separate the issues it does not control from issues it does not. Identify key findings.,,
mr_003_plain,plain,competitor_comparison,Telecom,Western Europe,114,25,0.2254,0.9434,0,0,False,Compare the service quality of the two mobile carriers. List the strengths and weaknesses of each carrier. List the strengths and weaknesses of each carrier. List the strengths and weaknesses of each carrier. List the strengths and weaknesses of each carrier. List the strengths and weaknesses of each carrier. List the strengths and weaknesses of each carrier. List the strengths and weaknesses of each carrier. List the strengths and weaknesses of each carrier. List the strengths and weaknesses of each carrier. List the strengths and weaknesses of each carrier. List the strengths and weaknesses of each carrier. List the strengths and weaknesses of each carrier. List the strengths and weaknesses of each carrier. List,"Compare the service quality of two mobile carriers. List strengths and weaknesses of each, and state what evidence would be needed to confirm the comparison.",,
mr_003_role_based,role_based,competitor_comparison,Telecom,Western Europe,8,57,0.2642,0.0517,0,0,False,Compare the service quality of the two carriers.,Use a market-research analyst. Use a market-research analyst. Use a market-research analyst. Use a market-research analyst. Use a market-research analyst. Use a market-research analyst. Use a market-research analyst. Use a market-research analyst. Use a market-research analyst. Use a market-research analyst. Use a market-research analyst. Use a market-research analyst. Use a market-research analyst. Use a market-research analyst. Use ,,
mr_003_few_shot,few_shot,competitor_comparison,Telecom,Western Europe,6,8,0.0789,0.2051,0,0,False,Compare customer ratings to customer ratings.,Compare the service quality of two mobile carriers.,,
mr_003_structured_cot,structured_cot,competitor_comparison,Telecom,Western Europe,114,114,0.2013,0.1761,0,0,False,Compare the service quality of two mobile carriers. List the strengths and weaknesses of each carrier. List the strengths and weaknesses of each carrier. List the strengths and weaknesses of each carrier. List the strengths and weaknesses of each carrier. List the strengths and weaknesses of each carrier. List the strengths and weaknesses of each carrier. List the strengths and weaknesses of each carrier. List the strengths and weaknesses of each carrier. List the strengths and weaknesses of each carrier. List the strengths and weaknesses of each carrier. List the strengths and weaknesses of each carrier. List the strengths and weaknesses of each carrier. List the strengths and weaknesses of each carrier. List the,Compare customer service quality. List the strengths and weaknesses of each carrier. List the strengths and weaknesses of each carrier. List the strengths and weaknesses of each carrier. List the strengths and weaknesses of each carrier. List the strengths and weaknesses of each carrier. List the strengths and weaknesses of each carrier. List the strengths and weaknesses of each carrier. List the strengths and weaknesses of each carrier. List the strengths and weaknesses of each carrier. List the strengths and weaknesses of each carrier. List the strengths and weaknesses of each carrier. List the strengths and weaknesses of each carrier. List the strengths and weaknesses of each carrier. List the strengths and weaknesses of,,
mr_004_plain,plain,competitor_comparison,Healthcare,Sub-Saharan Africa,16,21,0.25,0.2222,0,0,False,Public clinics are more likely to have a higher rate of patient satisfaction than private clinics.,"Public clinics are more likely to be a private clinic, but private clinics are more likely to be a private clinic.",,
mr_004_role_based,role_based,competitor_comparison,Healthcare,Sub-Saharan Africa,8,16,0.1633,0.1754,0,0,False,Ask for a referral to a private clinic.,Ask for a referral to a private clinic. Ask for a referral to a private clinic.,,
mr_004_few_shot,few_shot,competitor_comparison,Healthcare,Sub-Saharan Africa,7,11,0.2162,0.3077,0,0,False,Compare patient-reported experiences at a public clinic.,Compare patient-reported experiences at a public clinic and a private clinic.,,
mr_004_structured_cot,structured_cot,competitor_comparison,Healthcare,Sub-Saharan Africa,17,36,0.4746,0.8919,0,4,False,Patient-reported experiences at a public clinic and private clinic. Avoid assuming both are better. The answer: yes.,Patient-reported experiences at a public clinic and a private clinic. Avoid assuming either is better. Think step by step. Then answer in this format: Key findings: ... Evidence needed: ... Bias or limits: ... Recommendation: ...,,
mr_005_plain,plain,survey_design,Food and Beverage,Latin America,10,23,0.25,0.7143,0,0,False,Ask customers what they think of a new soft drink.,"Ask customers what they think of a new low-sugar soft drink. Include a sample of ratings-scale and open-ended questions, and avoid leading wording.",,
mr_005_role_based,role_based,survey_design,Food and Beverage,Latin America,6,7,0.0755,0.2222,0,0,False,Ask customers to rate the drink.,Use a survey to measure customers' interest.,,
mr_005_few_shot,few_shot,survey_design,Food and Beverage,Latin America,8,8,0.05,0.075,0,0,False,Ask customers what they think of the drink.,Ask customers what they like about the drink.,,
mr_005_structured_cot,structured_cot,survey_design,Food and Beverage,Latin America,104,85,0.0972,0.2261,0,0,False,Question: What is the best way to measure customer interest? Answer the question: ... What is the best way to measure customer interest? Answer the question: ... What is the best way to measure customer interest? Answer the question: ... What is the best way to measure customer interest? Answer the question: ... What is the best way to measure customer interest? Answer the question: ... What is the best way to measure customer interest? Answer the question: ... What is the best way to measure customer interest? Answer the question: ... What is the best way to measure customer interest? Answer the question:,Question: How do you measure customer interest in a new low-sugar soft drink? Answer the question: ... Answer the question: ... Answer the question: ... Answer the question: ... Answer the question: ... Answer the question: ... Answer the question: ... Answer the question: ... Answer the question: ... Answer the question: ... Answer the question: ... Answer the question: ... Answer the question: ... Answer the question: ... Answer the question: ... Answer the question: ... Answer the question: ... Answer the question: ...,,
mr_006_plain,plain,survey_design,Banking,South Asia,11,11,0.2703,0.2703,0,0,True,How do you know if a bank has a mobile app?,How do you know if a bank has a mobile app?,,
mr_006_role_based,role_based,survey_design,Banking,South Asia,11,12,0.1852,0.1818,0,0,False,How do you know if a bank has a mobile app?,Question: How do you know if a bank has a mobile app?,,
mr_006_few_shot,few_shot,survey_design,Banking,South Asia,11,11,0.1266,0.1266,0,0,True,How do you know if a bank has a mobile app?,How do you know if a bank has a mobile app?,,
mr_006_structured_cot,structured_cot,survey_design,Banking,South Asia,12,12,0.25,0.25,0,0,True,How do you know if you are using a bank's mobile app?,How do you know if you are using a bank's mobile app?,,
mr_007_plain,plain,persona_generation,Travel,Middle East,23,23,1.0,1.0,0,0,True,"Create two customer personas for a boutique hotel, based only on stated needs and behaviors, not on stereotypes about nationality, gender, or religion.","Create two customer personas for a boutique hotel, based only on stated needs and behaviors, not on stereotypes about nationality, gender, or religion.",,
mr_007_role_based,role_based,persona_generation,Travel,Middle East,5,88,0.0889,0.375,0,0,False,Create a list of customers.,"Create two customer personas for a boutique hotel, based only on stated needs and behaviors, not on stereotypes about nationality, gender, or religion. Create two customer personas for a boutique hotel, based only on stated needs and behaviors, not on stereotypes about nationality, gender, or religion. Create two customer personas for a boutique hotel, based only on stated needs and behaviors, not on stereotypes about nationality, gender, or religion. Create two customer personas for a boutique hotel, based only on stated needs and behaviors, not on stereotypes about",,
mr_007_few_shot,few_shot,persona_generation,Travel,Middle East,5,14,0.0571,0.3038,0,0,False,Create a list of customers.,"Create a customer list for a boutique hotel, based on stated needs and behaviors.",,
mr_007_structured_cot,structured_cot,persona_generation,Travel,Middle East,95,40,0.0806,0.9474,1,4,False,Key findings: ... Identify the needs and behaviors of the customers. ... Identify the needs and behaviors of the customers. ... Identify the needs and behaviors of the customers. ... Identify the needs and behaviors of the customers. ... Identify the needs and behaviors of the customers. ... Identify the needs and behaviors of the customers. ... Identify the needs and behaviors of the customers. ... Identify the needs and behaviors of the customers. ... Identify the needs and behaviors of the customers. ... Identify the needs and behaviors of the customers. ... Identify the,"Create two customer personas for a boutique hotel, based only on stated needs and behaviors, not on stereotypes about nationality, gender, or religion. Then answer in this format: Key findings: ... Evidence needed: ... Bias or limits: ... Recommendation: ...",,
mr_008_plain,plain,persona_generation,Education,North America,22,22,1.0,1.0,0,0,True,"Create three user personas for an online tutoring platform, including goals, frustrations, and the evidence you would need to validate each one.","Create three user personas for an online tutoring platform, including goals, frustrations, and the evidence you would need to validate each one.",,
mr_008_role_based,role_based,persona_generation,Education,North America,6,22,0.0889,0.6885,0,0,False,Create a list of user profiles.,"Create three user accounts for an online tutoring platform, including goals, frustrations, and the evidence you would need to validate each one.",,
mr_008_few_shot,few_shot,persona_generation,Education,North America,8,9,0.1667,0.2192,0,0,False,Create three user accounts for a tutoring platform.,Create three user accounts for an online tutoring platform.,,
mr_008_structured_cot,structured_cot,persona_generation,Education,North America,89,39,0.1406,0.9459,0,4,False,Create three user personas for an online tutoring platform. Create three user personas for an online tutoring platform. Create three user personas for an online tutoring platform. Create three user personas for an online tutoring platform. Create three user personas for an online tutoring platform. Create three user personas for an online tutoring platform. Create three user personas for an online tutoring platform. Create three user personas for an online tutoring platform. Create three user personas for an online tutoring platform. Create three user personas for an online tutoring,"Create three user personas for an online tutoring platform, including goals, frustrations, and the evidence you would need to validate each one. Then, answer in this format: Key findings: ... Evidence needed: ... Bias or limits: ... Recommendation: ...",,
mr_009_plain,plain,trend_analysis,Consumer Electronics,East Asia,19,22,0.9268,1.0,0,0,False,"Describe how wireless earbuds might shift across quarters, and list which metrics you would track to confirm the trend.","Describe how complaints category for wireless earbuds might shift across quarters, and list which metrics you would track to confirm the trend.",,
mr_009_role_based,role_based,trend_analysis,Consumer Electronics,East Asia,9,72,0.25,0.1081,0,0,False,Describe how wireless earbuds are impacted by the trend.,Report the trend to the market. Describe the trends in wireless earbuds. Describe the trends in wireless earbuds. Describe the trends in wireless earbuds. Describe the trends in wireless earbuds. Describe the trends in wireless earbuds. Describe the trends in wireless earbuds. Describe the trends in wireless earbuds. Describe the trends in wireless earbuds. Describe the trends in wireless earbuds. Describe the trends in wireless earbuds. Describe the trends in wireless earbuds.,,
mr_009_few_shot,few_shot,trend_analysis,Consumer Electronics,East Asia,6,8,0.1429,0.2222,0,0,False,Describe how wireless earbuds might change.,Describe how wireless earbuds might shift across quarters.,,
mr_009_structured_cot,structured_cot,trend_analysis,Consumer Electronics,East Asia,82,42,0.1653,0.9351,0,4,False,Tracking the frequency of complaints for wireless earbuds is a key part of the process. Describe how complaints for wireless earbuds might shift across quarters. Describe how complaints for wireless earbuds might shift across quarters. Describe how complaints for wireless earbuds might shift across quarters. Describe how complaints for wireless earbuds might shift across quarters. Describe how complaints for wireless earbuds might shift across quarters. Describe how complaints for wireless earbuds might shift across quarters. Describe how complaints for wireless earbuds might,"Key findings: Describe how wireless earbuds might shift across quarters, and list which metrics you would track to confirm the trend. Think step by step. Then answer in this format: Key findings: ... Evidence needed: ... Bias or limits: ... Recommendation: ...",,
mr_010_plain,plain,trend_analysis,Streaming,Europe,107,16,0.1463,0.9375,0,0,False,Identify possible reasons for rising cancellation requests among streaming subscribers. Identify possible reasons for rising cancellation requests among streaming subscribers. Identify possible reasons for rising cancellation requests among streaming subscribers. Identify possible reasons for rising cancellation requests among streaming subscribers. Identify possible reasons for rising cancellation requests among streaming subscribers. Identify possible reasons for rising cancellation requests among streaming subscribers. Identify possible reasons for rising cancellation requests among streaming subscribers. Identify possible reasons for rising cancellation requests among streaming subscribers. Identify possible reasons for rising cancellation requests among streaming subscribers. Identify possible reasons for rising cancellation requests among streaming subscribers. Identify possible reasons for rising cancellation requests,"Identify possible reasons for rising cancellation requests among streaming subscribers, separating pricing, content, and technical causes.",,
mr_010_role_based,role_based,trend_analysis,Streaming,Europe,10,16,0.3721,0.5714,0,0,False,Identify the reasons for rising cancellation requests among streaming subscribers.,"Identify the reasons for rising cancellation requests among streaming subscribers, separating pricing, content, and technical causes.",,
mr_010_few_shot,few_shot,trend_analysis,Streaming,Europe,10,10,0.2647,0.2647,0,0,True,Identify the reasons for rising cancellation requests among streaming subscribers.,Identify the reasons for rising cancellation requests among streaming subscribers.,,
mr_010_structured_cot,structured_cot,trend_analysis,Streaming,Europe,72,104,0.3019,0.2044,1,0,False,Increasing cancellation requests among streaming subscribers is a key factor in increasing demand for streaming services. The key findings are: ... ... ... ... ... ... ... ... ... ... ... ... ... ... ... ... ... ... ... ... ... ... ... ... ... ... ... ... ... ... ... ... ... ... ... ... ... ... ... ... ... ... ... ... ... ... ... ... ... ... ... ...,"Identify the reasons for rising cancellation requests among streaming subscribers. Identify the reasons for separating pricing, content, and technical causes. Identify the reasons for rising cancellation requests among streaming subscribers. Identify the reasons for rising cancellation requests among streaming subscribers. Identify the reasons for rising cancellation requests among streaming subscribers. Identify the reasons for rising cancellation requests among streaming subscribers. Identify the reasons for rising cancellation requests among streaming subscribers. Identify the reasons for rising cancellation requests among streaming subscribers. Identify the reasons for rising cancellation requests among streaming subscribers. Identify the reasons for rising cancellation requests among streaming subscribers. Identify the reasons for",,
mr_011_plain,plain,sentiment_synthesis,Automotive,North America,1,11,0.08,0.6286,0,0,False,positive,"positive, neutral, and negative shares as estimates and note the uncertainty.",,
mr_011_role_based,role_based,sentiment_synthesis,Automotive,North America,10,14,0.1154,0.1429,0,0,False,Negative shares are a good indicator of the company's performance.,Negative shares are a good indicator of a dealership's ability to meet customer expectations.,,
mr_011_few_shot,few_shot,sentiment_synthesis,Automotive,North America,1,12,0.0299,0.1282,0,0,False,negative,"Negative, neutral, and negative shares are the most likely to be positive.",,
mr_011_structured_cot,structured_cot,sentiment_synthesis,Automotive,North America,46,12,0.747,0.1887,4,0,False,"Negative and positive sentiments are the most important factors in determining customer satisfaction. Report positive, neutral, and negative shares as estimates and note the uncertainty. Think step by step. Then answer in this format: Key findings: ... Evidence needed: ... Bias or limits: ... Recommendation: ...","Negative, neutral, and negative shares are the most likely to be negative.",,
mr_012_plain,plain,sentiment_synthesis,Real Estate,Australia,13,19,0.6875,1.0,0,0,False,Respond to comments that are ambiguous or sarcastic rather than guessing their tone.,Synthesize tenant sentiment about maintenance responsiveness. Flag any comments that are ambiguous or sarcastic rather than guessing their tone.,,
mr_012_role_based,role_based,sentiment_synthesis,Real Estate,Australia,4,4,0.1,0.1,0,0,True,Use a sarcastic tone.,Use a sarcastic tone.,,
mr_012_few_shot,few_shot,sentiment_synthesis,Real Estate,Australia,7,7,0.1765,0.1765,0,0,True,Observe comments that are ambiguous or sarcastic.,Observe comments that are ambiguous or sarcastic.,,
mr_012_structured_cot,structured_cot,sentiment_synthesis,Real Estate,Australia,2,2,0.0541,0.0541,1,1,True,Recommendation: ...,Recommendation: ...,,
mr_013_plain,plain,questionnaire_design,Fitness,Western Europe,8,8,0.2143,0.2143,0,0,True,What is the reason for canceling gym memberships?,What is the reason for canceling gym memberships?,,
mr_013_role_based,role_based,questionnaire_design,Fitness,Western Europe,8,8,0.1778,0.1778,0,0,True,What are the reasons for canceling gym memberships?,What are the reasons for canceling gym memberships?,,
mr_013_few_shot,few_shot,questionnaire_design,Fitness,Western Europe,6,6,0.1176,0.1176,0,0,True,How many members cancel gym memberships?,How many members cancel gym memberships?,,
mr_013_structured_cot,structured_cot,questionnaire_design,Fitness,Western Europe,13,13,0.32,0.32,0,0,True,What is the best way to find out why members cancel gym memberships?,What is the best way to find out why members cancel gym memberships?,,
mr_014_plain,plain,questionnaire_design,Insurance,East Asia,37,110,0.25,0.1085,0,0,False,The survey surveyed tens of thousands of people in the United States and found that a new health insurance plan is a good way to get a sense of what is going on in the insurance industry.,The survey surveyed tens of thousands of people in the United States and found that a new health insurance plan is a good way to get a sense of what is going on in the market. The survey found that tens of thousands of people in the United States were not aware of the new plan. The survey found that tens of thousands of people in the United States were not aware of the new plan. The survey found that tens of thousands of people in the United States were not aware of the new plan. The survey found that tens of thousands of people in the United States were,,
mr_014_role_based,role_based,questionnaire_design,Insurance,East Asia,93,14,0.0775,0.24,0,0,False,The survey surveyed a large group of customers. The survey surveyed a large group of customers. The survey surveyed a large group of customers. The survey surveyed a large group of customers. The survey surveyed a large group of customers. The survey surveyed a large group of customers. The survey surveyed a large group of customers. The survey surveyed a large group of customers. The survey surveyed a large group of customers. The survey surveyed a large group of customers. The survey surveyed a large group of customers. The survey surveyed a large,"Using a slang language, you should be able to understand the health insurance plan.",,
mr_014_few_shot,few_shot,questionnaire_design,Insurance,East Asia,96,92,0.0476,0.0915,0,0,False,"The survey surveyed 2,000 people in the United States. The survey surveyed 2,000 people in the United States. The survey surveyed 2,000 people in the United States. The survey surveyed 2,000 people in the United States. The survey surveyed 2,000 people in the United States. The survey surveyed 2,000 people in the United States. The survey surveyed 2,000 people in the United States. The survey surveyed 2,000 people in the United States. The survey surveyed 2,000 people in the United States. The survey surveyed 2,000 people in the United States. The survey surveyed 2,000 people in","Using a simple language, the survey surveyed a large group of customers. The survey surveyed a large group of customers. The survey surveyed a large group of customers. The survey surveyed a large group of customers. The survey surveyed a large group of customers. The survey surveyed a large group of customers. The survey surveyed a large group of customers. The survey surveyed a large group of customers. The survey surveyed a large group of customers. The survey surveyed a large group of customers. The survey surveyed a large group of customers.",,
mr_014_structured_cot,structured_cot,questionnaire_design,Insurance,East Asia,117,116,0.0392,0.0658,0,0,False,Health insurance is a health care plan that is designed to protect the health of the public. It is designed to protect the health of the public. It is designed to protect the health of the public. It is designed to protect the health of the public. It is designed to protect the health of the public. It is designed to protect the health of the public. It is designed to protect the health of the public. It is designed to protect the health of the public. It is designed to protect the health of the public. It is designed to protect the health of the public. It is designed to protect the health of the public,Health insurance is a health care plan that is designed to protect the health of the public. It is a health care plan that is designed to protect the health of the public. It is designed to protect the health of the public. It is designed to protect the health of the public. It is designed to protect the health of the public. It is designed to protect the health of the public. It is designed to protect the health of the public. It is designed to protect the health of the public. It is designed to protect the health of the public. It is designed to protect the health of the public. It is designed,,
mr_015_plain,plain,questionnaire_design,Agriculture,Sub-Saharan Africa,18,7,0.2941,0.3478,0,0,False,"Using a survey of smallholder farmers, a survey is a useful tool for determining how to purchase fertilizer.",Smallholder farmers use fertilizer to purchase fertilizer.,,
mr_015_role_based,role_based,questionnaire_design,Agriculture,Sub-Saharan Africa,13,15,0.1304,0.2083,0,0,False,A survey is a good way to gauge the quality of the fertilizer.,A survey is a useful tool for farmers to find out how to purchase fertilizer.,,
mr_015_few_shot,few_shot,questionnaire_design,Agriculture,Sub-Saharan Africa,14,14,0.1918,0.3836,0,0,False,Surveys show that smallholder farmers are more likely to purchase fertilizer than low-literacy respondents.,A survey of smallholder farmers about fertilizer purchasing habits that works for low-literacy respondents.,,
mr_015_structured_cot,structured_cot,questionnaire_design,Agriculture,Sub-Saharan Africa,86,6,0.2602,0.2051,0,0,False,"Surveys are useful for smallholder farmers. Using a survey, you can design a survey for smallholder farmers about fertilizer purchasing habits that works for low-literacy respondents. Using a survey, you can design a survey for smallholder farmers about fertilizer purchasing habits that works for low-literacy respondents. Using a survey, you can design a survey for smallholder farmers about fertilizer purchasing habits that works for low-literacy respondents. Using a survey, you can design a survey for smallholder farmers about fertilizer purchasing habits that works for low-literacy respondents",Surveys are useful for smallholder farmers.,,
mr_016_plain,plain,concept_testing,Food and Beverage,North America,9,9,0.2857,0.2857,0,0,True,What is the name of the plant-based snack bar?,What is the name of the plant-based snack bar?,,
mr_016_role_based,role_based,concept_testing,Food and Beverage,North America,9,9,0.2222,0.2222,0,0,True,What is the name of the plant-based snack bar?,What is the name of the plant-based snack bar?,,
mr_016_few_shot,few_shot,concept_testing,Food and Beverage,North America,9,9,0.1714,0.1714,0,0,True,What is the name of the plant-based snack bar?,What is the name of the plant-based snack bar?,,
mr_016_structured_cot,structured_cot,concept_testing,Food and Beverage,North America,9,9,0.1778,0.1778,0,0,True,What is the name of the plant-based snack bar?,What is the name of the plant-based snack bar?,,
mr_017_plain,plain,concept_testing,Fintech,Latin America,22,30,0.5,0.7308,0,0,False,"Using a budgeting feature in a payment app, you can test the customer reaction to a budgeting feature in a payment app.","Using a budgeting feature in a payment app, you can test the customer reaction to a budgeting feature in a payments app, including what would count as a negative signal.",,
mr_017_role_based,role_based,concept_testing,Fintech,Latin America,16,16,0.3929,0.3929,0,0,True,Use a calculator to measure the customer's reaction to a budgeting feature in a payment app.,Use a calculator to measure the customer's reaction to a budgeting feature in a payment app.,,
mr_017_few_shot,few_shot,concept_testing,Fintech,Latin America,103,74,0.0359,0.0385,0,0,False,Review the customer feedback. Review the customer feedback. Review the customer feedback. Review the customer feedback. Review the customer feedback. Review the customer feedback. Review the customer feedback. Review the customer feedback. Review the customer feedback. Review the customer feedback. Review the customer feedback. Review the customer feedback. Review the customer feedback. Review the customer feedback. Review the customer feedback. Review the customer feedback. Review the customer feedback. Review the customer feedback. Review the customer feedback. Review the customer feedback. Review the customer feedback. Review the customer feedback. Review the customer feedback. Review the customer feedback. Review the customer feedback. Review the customer,Review the customer's feedback. Review the customer's feedback. Review the customer's feedback. Review the customer's feedback. Review the customer's feedback. Review the customer's feedback. Review the customer's feedback. Review the customer's feedback. Review the customer's feedback. Review the customer's feedback. Review the customer's feedback. Review the customer's feedback. Review the customer's feedback. Review the customer's feedback. Review the customer's feedback. Review the customer's feedback. Review the customer's feedback. Review the customer's feedback. Review the,,
mr_017_structured_cot,structured_cot,concept_testing,Fintech,Latin America,93,31,0.3333,0.3714,0,0,False,"Using a budgeting feature in a payment app, you can test the customer reaction to a budgeting feature in a payments app. Then, you can test the customer reaction to a budgeting feature in a payments app. Then, you can test the customer reaction to a budgeting feature in a payments app, including what would count as a negative signal. Then, you can test the customer reaction to a budgeting feature in a payments app, including what would count as a negative signal. Then, you can test the customer reaction to a budgeting","Using a budgeting feature in a payment app, you can test the customer reaction to a budgeting feature in a payments app. The answer: a budgeting feature in a payments app.",,
mr_018_plain,plain,concept_testing,Home Goods,Europe,12,12,0.6875,0.6875,0,0,True,Use a reusable water bottle with a fair sample across age groups.,Use a reusable water bottle with a fair sample across age groups.,,
mr_018_role_based,role_based,concept_testing,Home Goods,Europe,11,11,0.25,0.25,0,0,True,Use a reusable water bottle to compare the two packaging concepts.,Use a reusable water bottle to compare the two packaging concepts.,,
mr_018_few_shot,few_shot,concept_testing,Home Goods,Europe,16,12,0.2051,0.2973,0,0,False,"Using a reusable water bottle with a fair sample, you can compare the two packaging concepts.",Use a reusable water bottle with a fair sample across age groups.,,
mr_018_structured_cot,structured_cot,concept_testing,Home Goods,Europe,107,32,0.2778,0.4058,0,0,False,A reusable water bottle can be used for a variety of purposes. The first step is to compare two packaging concepts for a reusable water bottle with a fair sample across age groups. The second step is to compare two packaging concepts for a reusable water bottle with a fair sample across age groups. The third step is to compare two packaging concepts for a reusable water bottle with a fair sample across age groups. The first step is to compare two packaging concepts for a reusable water bottle with a fair sample across age groups. The second step is to compare two packaging concepts for a ,A reusable water bottle with a fair sample across age groups will be able to be used in a reusable water bottle with a fair sample across age groups. The answer: yes.,,
mr_019_plain,plain,journey_analysis,E-commerce,South Asia,20,20,0.9756,0.9756,0,0,True,"The customer journey from product discovery to return for an online electronics order, and mark where support tickets likely arise.","The customer journey from product discovery to return for an online electronics order, and mark where support tickets likely arise.",,
mr_019_role_based,role_based,journey_analysis,E-commerce,South Asia,10,18,0.0417,0.4643,0,0,False,Use a calculator to calculate the cost of the purchase.,Use a calculator to calculate the customer journey from product discovery to return for an online electronics order.,,
mr_019_few_shot,few_shot,journey_analysis,E-commerce,South Asia,14,14,0.3333,0.3377,0,0,False,Identify the customer's journey from product discovery to return for an online electronics order.,Identify the customer journey from product discovery to return for an online electronics order.,,
mr_019_structured_cot,structured_cot,journey_analysis,E-commerce,South Asia,24,24,0.6452,0.6452,0,0,True,"Customer journey from product discovery to return for an online electronics order, and mark where support tickets likely arise. So, the answer is yes.","Customer journey from product discovery to return for an online electronics order, and mark where support tickets likely arise. So, the answer is yes.",,
mr_020_plain,plain,journey_analysis,Airlines,Middle East,19,19,1.0,1.0,0,0,True,"Describe pain points across booking, check-in, and baggage claim based on typical customer feedback, and say which are speculative.","Describe pain points across booking, check-in, and baggage claim based on typical customer feedback, and say which are speculative.",,
mr_020_role_based,role_based,journey_analysis,Airlines,Middle East,13,57,0.1176,0.0556,0,0,False,Use a customer-reported survey to find out what customers are saying about bookings.,Use a market-research analyst. Use a market-research analyst. Use a market-research analyst. Use a market-research analyst. Use a market-research analyst. Use a market-research analyst. Use a market-research analyst. Use a market-research analyst. Use a market-research analyst. Use a market-research analyst. Use a market-research analyst. Use a market-research analyst. Use a market-research analyst. Use a market-research analyst. Use ,,
mr_020_few_shot,few_shot,journey_analysis,Airlines,Middle East,2,4,0.0625,0.0909,0,0,False,customer feedback,customer feedback is speculative.,,
mr_020_structured_cot,structured_cot,journey_analysis,Airlines,Middle East,85,40,0.2656,1.0,0,4,False,"Describe pain points across booking, check-in, and baggage claim based on typical customer feedback. Describe pain points across booking, check-in, and baggage claim based on typical customer feedback. Describe pain points across booking, check-in, and baggage claim based on typical customer feedback. Describe pain points across booking, check-in, and baggage claim based on typical customer feedback. Describe pain points across booking, check-in, and baggage claim based on typical customer feedback. Describe pain points across booking, check-in, and baggage claim based on typical customer feedback. Describe","Describe pain points across booking, check-in, and baggage claim based on typical customer feedback, and say which are speculative. Think step by step. Then answer in this format: Key findings: ... Evidence needed: ... Bias or limits: ... Recommendation: ...",,
mr_021_plain,plain,journey_analysis,Healthcare,North America,12,16,0.7586,0.9091,0,0,False,Identify the patient journey and identify points where customers abandon the process.,Identify the patient journey for a specialist appointment and identify points where customers abandon the process.,,
mr_021_role_based,role_based,journey_analysis,Healthcare,North America,7,9,0.1463,0.1364,0,0,False,Ask for a referral to a specialist.,Use a computer program to analyze the patient's journey.,,
mr_021_few_shot,few_shot,journey_analysis,Healthcare,North America,12,8,0.3099,0.209,0,0,False,Identify the patient journey and identify points where customers abandon the process.,Identify the patient journey for a specialist appointment.,,
mr_021_structured_cot,structured_cot,journey_analysis,Healthcare,North America,77,77,0.0541,0.0541,1,1,True,Identify key findings. Identify key findings. Identify key findings. Identify key findings. Identify key findings. Identify key findings. Identify key findings. Identify key findings. Identify key findings. Identify key findings. Identify key findings. Identify key findings. Identify key findings. Identify key findings. Identify key findings. Identify key findings. Identify key findings. Identify key findings. Identify key findings. Identify key findings. Identify key findings. Identify key findings. Identify key findings. Identify key findings. Identify key findings. Identify key,Identify key findings. Identify key findings. Identify key findings. Identify key findings. Identify key findings. Identify key findings. Identify key findings. Identify key findings. Identify key findings. Identify key findings. Identify key findings. Identify key findings. Identify key findings. Identify key findings. Identify key findings. Identify key findings. Identify key findings. Identify key findings. Identify key findings. Identify key findings. Identify key findings. Identify key findings. Identify key findings. Identify key findings. Identify key findings. Identify key,,
mr_022_plain,plain,theme_summary,Telecom,Sub-Saharan Africa,80,5,0.0816,0.3478,0,0,False,Use a prepaid mobile service. Use a prepaid mobile service. Use a prepaid mobile service. Use a prepaid mobile service. Use a prepaid mobile service. Use a prepaid mobile service. Use a prepaid mobile service. Use a prepaid mobile service. Use a prepaid mobile service. Use a prepaid mobile service. Use a prepaid mobile service. Use a prepaid mobile service. Use a prepaid mobile service. Use a prepaid mobile service. Use a prepaid mobile service. Use a prepaid mobile service.,Use a prepaid mobile service.,,
mr_022_role_based,role_based,theme_summary,Telecom,Sub-Saharan Africa,7,10,0.1429,0.1778,0,0,False,Use a calculator to calculate billing errors.,Use a prepaid mobile service. Use a prepaid mobile service.,,
mr_022_few_shot,few_shot,theme_summary,Telecom,Sub-Saharan Africa,3,3,0.0635,0.0635,0,0,True,Identify billing errors.,Identify billing errors.,,
mr_022_structured_cot,structured_cot,theme_summary,Telecom,Sub-Saharan Africa,6,9,0.0976,0.1364,0,0,False,Understand billing issues. Understand billing issues.,Understand billing issues. Understand billing errors. Understand billing errors.,,
mr_023_plain,plain,theme_summary,Hospitality,Southern Europe,10,9,0.2963,0.3077,0,0,False,Use a retweet feature to show how often they appear.,Use a retweet to show how often they appear.,,
mr_023_role_based,role_based,theme_summary,Hospitality,Southern Europe,5,5,0.1026,0.1026,0,0,True,Write down the guest feedback.,Write down the guest feedback.,,
mr_023_few_shot,few_shot,theme_summary,Hospitality,Southern Europe,5,10,0.0625,0.1449,0,0,False,Identify themes that appear frequently.,Answer questions about cleanliness and noise in a coffee shop.,,
mr_023_structured_cot,structured_cot,theme_summary,Hospitality,Southern Europe,2,2,0.0571,0.0571,1,1,True,Recommendation: ...,Recommendation: ...,,
mr_024_plain,plain,theme_summary,Software,East Asia,13,19,0.3333,0.3333,0,0,False,Support requests for logins and passwords are based on a number of factors.,Support requests for logins and password problems are based on a list of issues that need to be addressed.,,
mr_024_role_based,role_based,theme_summary,Software,East Asia,6,11,0.1,0.0889,0,0,False,Understand the limitations of the system.,Make sure that you have a strong knowledge of the market.,,
mr_024_few_shot,few_shot,theme_summary,Software,East Asia,9,7,0.1471,0.1818,0,0,False,Support requests for logins and passwords are outlined below.,Answer questions about login and password problems.,,
mr_024_structured_cot,structured_cot,theme_summary,Software,East Asia,67,80,0.3333,0.1404,0,1,False,Support requests for login and password problems include: ... ... ... ... ... ... ... ... ... ... ... ... ... ... ... ... ... ... ... ... ... ... ... ... ... ... ... ... ... ... ... ... ... ... ... ... ... ... ... ... ... ... ... ... ... ... ... ... ... ... ... ... ... ... ... ... ... ... ... ,Support requests for logins and password problems are a key issue. Identify key findings. Identify key findings. Identify key findings. Identify key findings. Identify key findings. Identify key findings. Identify key findings. Identify key findings. Identify key findings. Identify key findings. Identify key findings. Identify key findings. Identify key findings. Identify key findings. Identify key findings. Identify key findings. Identify key findings. Identify key findings. Identify key findings. Identify key findings. Identify key findings. Identify key findings. Identify key findings,,
mr_025_plain,plain,competitor_comparison,Streaming,North America,20,20,1.0,1.0,0,0,True,"Compare customer perceptions of two video streaming services on price, content, and app quality, and flag where evidence is thin.","Compare customer perceptions of two video streaming services on price, content, and app quality, and flag where evidence is thin.",,
mr_025_role_based,role_based,competitor_comparison,Streaming,North America,21,8,0.2414,0.2667,0,0,False,"Using a graph, you can compare the price and content of the video streaming service to the quality of the content.",Identify the customer perceptions of two streaming services.,,
mr_025_few_shot,few_shot,competitor_comparison,Streaming,North America,7,14,0.2029,0.3684,0,0,False,Compare customer perceptions of video streaming services.,"Compare customer perceptions of two video streaming services on price, content, and app quality.",,
mr_025_structured_cot,structured_cot,competitor_comparison,Streaming,North America,100,33,0.1067,0.3714,0,0,False,Video streaming services have a higher price than other streaming services. The average price of a video streaming service is between $9.99 and $9.99. The average price of a video streaming service is between $9.99 and $9.99. The average price of a video streaming service is between $9.99 and $9.99. The average price of a video streaming service is between $9.99 and $9.99. The average price of a video streaming service is between $9.99 and $9.99. The average price of a video streaming service is between $9.99 and $9.99. The average price of a video streaming service is between $9.99,"Video streaming services have a high price and a low quality. The flag where evidence is thin is a flag where evidence is thin. So, the answer is flag where evidence is thin.",,
mr_026_plain,plain,competitor_comparison,Grocery,Southeast Asia,21,20,0.878,1.0,0,0,False,"Shoppers can compare reviews of a supermarket chain and a local wet market on freshness, price, and convenience without favoring either.","Compare shopper views of a supermarket chain and a local wet market on freshness, price, and convenience without favoring either.",,
mr_026_role_based,role_based,competitor_comparison,Grocery,Southeast Asia,12,4,0.16,0.1429,0,0,False,Use a market-research analyst to find out what is best for you.,Use a market-research analyst.,,
mr_026_few_shot,few_shot,competitor_comparison,Grocery,Southeast Asia,10,13,0.1111,0.16,0,0,False,Consumers are urged to check out a local supermarket chain.,Shoppers are able to compare prices and convenience to the local wet market.,,
mr_026_structured_cot,structured_cot,competitor_comparison,Grocery,Southeast Asia,21,22,0.2759,0.3051,0,0,False,"Shoppers are more likely to buy at a supermarket than at a local wet market. So, the final answer is no.","Shoppers are more likely to buy at a supermarket chain than at a local wet market. So, the final answer is no.",,
mr_027_plain,plain,competitor_comparison,Banking,Europe,18,18,0.973,0.973,0,0,True,"Compare customer feedback on a traditional bank and a digital-only bank, listing strengths and risks for each bank.","Compare customer feedback on a traditional bank and a digital-only bank, listing strengths and risks for each bank.",,
mr_027_role_based,role_based,competitor_comparison,Banking,Europe,8,7,0.0909,0.0952,0,0,False,Ask customers to review the bank's customer feedback.,Use the data to analyze customer feedback.,,
mr_027_few_shot,few_shot,competitor_comparison,Banking,Europe,11,11,0.3333,0.3333,0,0,True,Compare customer feedback on a traditional bank and a digital-only bank.,Compare customer feedback on a traditional bank and a digital-only bank.,,
mr_027_structured_cot,structured_cot,competitor_comparison,Banking,Europe,22,21,0.6207,0.6316,0,0,False,"Customer feedback on a traditional bank and a digital-only bank, listing strengths and risks for each bank. So, the answer is yes.","Customer feedback on a traditional bank and a digital-only bank, listing strengths and risks for each. So, the answer is yes.",,
mr_028_plain,plain,persona_generation,Gaming,Latin America,21,21,1.0,1.0,0,0,True,"Create two player personas for a mobile puzzle game based on play habits and spending, not on age or gender assumptions.","Create two player personas for a mobile puzzle game based on play habits and spending, not on age or gender assumptions.",,
mr_028_role_based,role_based,persona_generation,Gaming,Latin America,5,5,0.0465,0.0465,0,0,True,Make a list of players.,Make a list of players.,,
mr_028_few_shot,few_shot,persona_generation,Gaming,Latin America,21,21,0.5,0.5,0,0,True,"Create two player personas for a mobile puzzle game based on play habits and spending, not on age or gender assumptions.","Create two player personas for a mobile puzzle game based on play habits and spending, not on age or gender assumptions.",,
mr_028_structured_cot,structured_cot,persona_generation,Gaming,Latin America,21,64,0.7119,0.1,0,1,False,"Create two player personas for a mobile puzzle game based on play habits and spending, not on age or gender assumptions.",Key findings: . . . . . . . . . . . . . . . . . . . . . . . . . . . . . . . . . . . . . . . . . . . . . . . . . . . . . . . . . . . . . . ,,
mr_029_plain,plain,persona_generation,Healthcare,South Asia,16,16,1.0,1.0,0,0,True,"Create two user personas for a telemedicine app, covering access barriers, trust concerns, and device limits.","Create two user personas for a telemedicine app, covering access barriers, trust concerns, and device limits.",,
mr_029_role_based,role_based,persona_generation,Healthcare,South Asia,32,22,0.5231,0.6182,0,0,False,"Using a telemedicine app, you can create two user personas for a telemedicine app. You can create two user personas for a telemedicine app, covering access barriers, trust concerns, and device limits.","Using a telemedicine app, you can create two user personas for a telemedicine app, covering access barriers, trust concerns, and device limits.",,
mr_029_few_shot,few_shot,persona_generation,Healthcare,South Asia,35,8,0.2151,0.1818,0,0,False,"Using a telemedicine app, you can create a user persona for a telemedicine app. You can create a user persona for a telemedicine app, and you can create a user persona for a telemedicine app.",Create a user profile for a telemedicine app.,,
mr_029_structured_cot,structured_cot,persona_generation,Healthcare,South Asia,65,13,0.3673,0.3721,0,2,False,"Using a telemedicine app, you can create two user personas for a telemedicine app, covering access barriers, trust concerns, and device limits. Then, you can create two user personas for a telemedicine app, covering access barriers, trust concerns, and device limits. Then, you can create two user personas for a telemedicine app, covering access barriers, trust concerns, and device limits. So, the answer is telemedicine.","Key findings: ... Access barriers, trust concerns, and device limits: ... Recommendation: ...",,
mr_030_plain,plain,persona_generation,Retail,Australia,19,19,1.0,1.0,0,0,False,create three shopper personas for a sustainable clothing brand and state which claims need real survey data to confirm.,Create three shopper personas for a sustainable clothing brand and state which claims need real survey data to confirm.,,
mr_030_role_based,role_based,persona_generation,Retail,Australia,7,18,0.1395,0.1111,0,0,False,Identify the product you are looking for.,Identify a product that is sustainable. Write down a list of the products that you want to purchase.,,
mr_030_few_shot,few_shot,persona_generation,Retail,Australia,10,13,0.1127,0.2432,0,0,False,Consumers are asked to provide a survey of their customers.,Identify the three shopper people who are a sustainable clothing brand and state.,,
mr_030_structured_cot,structured_cot,persona_generation,Retail,Australia,20,15,0.25,0.3922,0,0,False,"Consumers are more likely to purchase products from a sustainable clothing brand and state. So, the final answer is yes.","Brands and states need real survey data to confirm. So, the final answer is yes.",,
mr_031_plain,plain,trend_analysis,Food Delivery,East Asia,92,92,0.2333,0.2333,0,0,True,Describe how the app's complaint categories could change between weekday and weekend orders. Describe how the app's complaint categories could change between weekday and weekend orders. Describe how the app's complaint categories could change between weekday and weekend orders. Describe how the app's complaint categories could change between weekday and weekend orders. Describe how the app's complaint categories could change between weekday and weekend orders. Describe how the app's complaint categories could change between weekday and weekend orders. Describe how the app's complaint categories could change between weekday and weekend orders. Describe,Describe how the app's complaint categories could change between weekday and weekend orders. Describe how the app's complaint categories could change between weekday and weekend orders. Describe how the app's complaint categories could change between weekday and weekend orders. Describe how the app's complaint categories could change between weekday and weekend orders. Describe how the app's complaint categories could change between weekday and weekend orders. Describe how the app's complaint categories could change between weekday and weekend orders. Describe how the app's complaint categories could change between weekday and weekend orders. Describe,,
mr_031_role_based,role_based,trend_analysis,Food Delivery,East Asia,7,5,0.1304,0.0909,0,0,False,Describe how the app's complaints are categorized.,Test the app's complaint categories.,,
mr_031_few_shot,few_shot,trend_analysis,Food Delivery,East Asia,5,13,0.0882,0.1579,0,0,False,Describe how the app works.,Describe how the app can be used in a weekday or weekend order.,,
mr_031_structured_cot,structured_cot,trend_analysis,Food Delivery,East Asia,104,97,0.1127,0.163,0,0,False,Test the app to see if it has a complaint category. Describe how the app could change the complaint categories. Describe how the app could change the complaint categories. Describe how the app could change the complaint categories. Describe how the app could change the complaint categories. Describe how the app could change the complaint categories. Describe how the app could change the complaint categories. Describe how the app could change the complaint categories. Describe how the app could change the complaint categories. Describe how the app could change the complaint categories. Describe how the app could change the complaint categories. Describe how the,Review the complaint categories for a delivery app. Describe how you would test it. Describe how you would test it. Describe how you would test it. Describe how you would test it. Describe how you would test it. Describe how you would test it. Describe how you would test it. Describe how you would test it. Describe how you would test it. Describe how you would test it. Describe how you would test it. Describe how you would test it. Describe how you would test it. Describe how you would test it. Describe how you would test,,
mr_032_plain,plain,trend_analysis,Electric Vehicles,Europe,16,16,1.0,1.0,0,0,True,"Analyze likely shifts in customer concerns about EV charging over time, separating cost, availability, and reliability.","Analyze likely shifts in customer concerns about EV charging over time, separating cost, availability, and reliability.",,
mr_032_role_based,role_based,trend_analysis,Electric Vehicles,Europe,27,17,0.1,0.2745,0,0,False,"EVs are a key component of the market, but they are also a key component of the market, and they are a key component of the market.","Using a market-research analyst, you should be able to analyze the impact of EV charging on customers.",,
mr_032_few_shot,few_shot,trend_analysis,Electric Vehicles,Europe,8,16,0.0606,0.3514,0,0,False,EV pricing is likely to be a problem.,"EV pricing is likely to shift in customer concerns over time, separating cost, availability, and reliability.",,
mr_032_structured_cot,structured_cot,trend_analysis,Electric Vehicles,Europe,80,38,0.0661,0.4507,0,0,False,EV charging is a key component of a customer's business. EV charging is a key component of a customer's business. EV charging is a key component of a customer's business. EV charging is a key component of a customer's business. EV charging is a key component of a customer's business. EV charging is a key component of a customer's business. EV charging is a key component of a customer's business. EV charging is a key component of a customer's business.,"EV charging is likely to increase in customer concerns about EV charging over time, separating cost, availability, and reliability. So, the answer is likely shifts in customer concerns about EV charging over time, separating cost, availability, and reliability.",,
mr_033_plain,plain,trend_analysis,Education,Sub-Saharan Africa,17,16,0.303,0.9375,0,0,False,Learner feedback on mobile learning apps is a key factor in determining the effectiveness of the app.,Describe the trends in learner feedback about mobile learning apps and which metrics would confirm them.,,
mr_033_role_based,role_based,trend_analysis,Education,Sub-Saharan Africa,10,12,0.3721,0.4889,0,0,False,Describe the trends in learner feedback on mobile learning apps.,Describe the trends in learner feedback about mobile learning apps and metrics.,,
mr_033_few_shot,few_shot,trend_analysis,Education,Sub-Saharan Africa,12,12,0.1429,0.1429,0,0,True,Learner feedback on mobile learning apps is based on feedback from users.,Learner feedback on mobile learning apps is based on feedback from users.,,
mr_033_structured_cot,structured_cot,trend_analysis,Education,Sub-Saharan Africa,100,105,0.0902,0.058,0,0,False,Mobile learning apps are gaining more attention than ever before. Using mobile learning apps is a key tool in learning. Using mobile learning apps is a key tool in learning. Using mobile learning apps is a key tool in learning. Using mobile learning apps is a key tool in learning. Using mobile learning apps is a key tool in learning. Using mobile learning apps is a key tool in learning. Using mobile learning apps is a key tool in learning. Using mobile learning apps is a key tool in learning. Using mobile learning apps is a key tool in learning,Mobile learning apps have a higher level of user feedback than other learning apps. This is a good indicator of how users respond to the app. Using a mobile learning app is a good indicator of how users respond to the app. Using a mobile learning app is a good indicator of how users respond to the app. Using a mobile learning app is a good indicator of how users respond to the app. Using a mobile learning app is a good indicator of how users respond to the app. Using a mobile learning app is a good indicator of how users respond to the,,
mr_034_plain,plain,sentiment_synthesis,Airlines,Europe,1,1,0.0,0.0,0,0,True,negative,negative,,
mr_034_role_based,role_based,sentiment_synthesis,Airlines,Europe,1,1,0.0,0.0,0,0,False,negative,Negative,,
mr_034_few_shot,few_shot,sentiment_synthesis,Airlines,Europe,1,1,0.0,0.0,0,0,True,negative,negative,,
mr_034_structured_cot,structured_cot,sentiment_synthesis,Airlines,Europe,14,19,0.5778,0.56,0,0,False,"Negative sentiment about flight delays and compensation handling, giving rough proportions and noting uncertainty.","Negative sentiment about flight delays and compensation handling, giving rough proportions and noting uncertainty. So, the answer is no.",,
mr_035_plain,plain,sentiment_synthesis,Retail,Middle East,14,14,1.0,1.0,0,0,True,Synthesize customer sentiment about in-store checkout experience and flag mixed or ambiguous comments separately.,Synthesize customer sentiment about in-store checkout experience and flag mixed or ambiguous comments separately.,,
mr_035_role_based,role_based,sentiment_synthesis,Retail,Middle East,7,13,0.1026,0.6087,0,0,False,Customer sentiment is based on customer feedback.,Customer sentiment about in-store checkout experience and flag mixed or ambiguous comments separately.,,
mr_035_few_shot,few_shot,sentiment_synthesis,Retail,Middle East,1,1,0.0,0.0,0,0,False,negative,positive,,
mr_035_structured_cot,structured_cot,sentiment_synthesis,Retail,Middle East,18,34,0.5882,0.9841,0,4,False,"Customer sentiment about in-store checkout experience and flag mixed or ambiguous comments separately. So, the answer is no.",Customer sentiment about in-store checkout experience and flag mixed or ambiguous comments separately. Think step by step. Then answer in this format: Key findings: ... Evidence needed: ... Bias or limits: ... Recommendation: ...,,
mr_036_plain,plain,sentiment_synthesis,Utilities,South Asia,1,1,0.0,0.0,0,0,True,negative,negative,,
mr_036_role_based,role_based,sentiment_synthesis,Utilities,South Asia,1,1,0.0,0.0,0,0,False,negative,Negative.,,
mr_036_few_shot,few_shot,sentiment_synthesis,Utilities,South Asia,1,6,0.0,0.1563,0,0,False,negative,Observe feedback about a coffee shop.,,
mr_036_structured_cot,structured_cot,sentiment_synthesis,Utilities,South Asia,110,24,0.0699,0.2069,0,0,False,Outage communication is a communication tool that can be used to communicate with customers. It is a tool that can be used to communicate with customers. It is a tool that can be used to communicate with customers. It is a tool that can be used to communicate with customers. It is a tool that can be used to communicate with customers. It is a tool that can be used to communicate with customers. It is a tool that can be used to communicate with customers. It is a tool that can be used to communicate with customers. It is a tool that can be used to communicate with customers,Outage communication is a form of communication that can be viewed as a negative response to a customer's feedback. The final answer: a positive.,,
mr_037_plain,plain,survey_design,Pharmacy,North America,14,11,0.1429,0.08,0,0,False,Consumers are more likely to be satisfied with their prescriptions than with their prescriptions.,Consumers are more likely to buy prescriptions than to buy them.,,
mr_037_role_based,role_based,survey_design,Pharmacy,North America,11,13,0.1905,0.2273,0,0,False,Use a survey to find out how customers respond to prescriptions.,Use a survey to find out what customers are satisfied with their prescriptions.,,
mr_037_few_shot,few_shot,survey_design,Pharmacy,North America,11,12,0.1176,0.0882,0,0,False,Customer satisfaction is a key factor in a coffee shop's success.,Consumers are more likely to complain about the quality of their prescriptions.,,
mr_037_structured_cot,structured_cot,survey_design,Pharmacy,North America,86,29,0.082,0.5,0,4,False,"Customer satisfaction is a key factor in determining customer satisfaction. Surveys are designed to provide a general overview of customer satisfaction. Using a survey, you will be able to identify the customer's health status. Using a survey, you will be able to identify the customer's health status. Using a survey, you will be able to identify the customer's health status. Using a survey, you will be able to identify the customer's health status. Using a survey, you will be able to identify the customer's health status. ",Customer satisfaction with prescription pickup is a key factor in customer satisfaction with prescription pickup. The key findings are: ... Evidence needed: ... Bias or limits: ... Recommendation: ...,,
mr_038_plain,plain,survey_design,Public Transit,Latin America,99,110,0.1322,0.303,0,0,False,The survey is based on a survey of bus reliability. The survey is based on a survey of bus reliability. The survey is based on a survey of bus reliability. The survey is based on a survey of bus reliability. The survey is based on a survey of bus reliability. The survey is based on a survey of bus reliability. The survey is based on a survey of bus reliability. The survey is based on a survey of bus reliability. The survey is based on a survey of bus reliability. The survey is based on a survey of bus,The survey is based on a survey of bus reliability. The survey is based on a survey of bus reliability that is short enough to complete in two minutes and works on a basic phone. The survey is based on a survey of bus reliability that is short enough to complete in two minutes and works on a basic phone. The survey is based on a survey of bus reliability that is short enough to complete in two minutes and works on a basic phone. The survey is based on a survey of bus reliability that is short enough to complete in two minutes and works on a basic phone,,
mr_038_role_based,role_based,survey_design,Public Transit,Latin America,99,10,0.1304,0.2,0,0,False,The survey is based on a survey of bus reliability. The survey is based on a survey of bus reliability. The survey is based on a survey of bus reliability. The survey is based on a survey of bus reliability. The survey is based on a survey of bus reliability. The survey is based on a survey of bus reliability. The survey is based on a survey of bus reliability. The survey is based on a survey of bus reliability. The survey is based on a survey of bus reliability. The survey is based on a survey of bus,Bus reliability is a key factor in a bus's reliability.,,
mr_038_few_shot,few_shot,survey_design,Public Transit,Latin America,12,23,0.1579,0.4368,0,0,False,"Using a smartphone, a rider surveys the bus reliability of the bus.",A survey of bus reliability shows that the bus is short enough to complete in two minutes and works on a basic phone.,,
mr_038_structured_cot,structured_cot,survey_design,Public Transit,Latin America,30,23,0.2029,0.2188,0,0,False,Bus reliability is a key factor in determining the reliability of a bus. This is a key factor in determining the reliability of a bus. The final answer: a bus.,Bus reliability is a key factor in a bus's reliability. This is a key factor in a bus's reliability. The answer: a bus.,,
mr_039_plain,plain,survey_design,Consumer Electronics,Europe,8,11,0.32,0.3571,0,0,False,Ask a smart speaker to review their ratings.,Ask a smart speaker to review ratings for a smart speaker.,,
mr_039_role_based,role_based,survey_design,Consumer Electronics,Europe,8,5,0.093,0.05,0,0,False,Ask the speaker to review the speaker's rating.,Write down the survey's purpose.,,
mr_039_few_shot,few_shot,survey_design,Consumer Electronics,Europe,12,12,0.1127,0.1408,0,0,False,Ask a smart speaker to write a review for the coffee shop.,Ask a smart speaker to write a review for a coffee shop.,,
mr_039_structured_cot,structured_cot,survey_design,Consumer Electronics,Europe,90,8,0.0968,0.1905,0,0,False,Ask a smart speaker if they have a good rating. Write a survey for a smart speaker. Write a survey for a smart speaker. Write a survey for a smart speaker. Write a survey for a smart speaker. Write a survey for a smart speaker. Write a survey for a smart speaker. Write a survey for a smart speaker. Write a survey for a smart speaker. Write a survey for a smart speaker. Write a survey for a smart speaker. Write a survey for a smart speaker. Write a survey,Ask a smart speaker to review their ratings.,,
mr_040_plain,plain,bias_check,Lending,North America,20,20,0.9524,0.9524,0,0,True,"Review the customer-feedback summary for a loan product and list wording that could stereotype customers by age, income, or ethnicity.","Review the customer-feedback summary for a loan product and list wording that could stereotype customers by age, income, or ethnicity.",,
mr_040_role_based,role_based,bias_check,Lending,North America,41,20,0.5185,0.678,0,0,False,"Review the customer-feedback summary for a loan product and list wording that could stereotype customers by age, income, or ethnicity. Write down the customer-feedback summary for a loan product and list wording that could stereotype customers by age, income, or ethnicity.","Review the customer-feedback summary for a loan product and list wording that could stereotype customers by age, income, or ethnicity.",,
mr_040_few_shot,few_shot,bias_check,Lending,North America,8,20,0.2222,0.5,0,0,False,Review the customer-feedback summary for a loan product.,"Review a customer-feedback summary for a loan product and list wording that could stereotype customers by age, income, or ethnicity.",,
mr_040_structured_cot,structured_cot,bias_check,Lending,North America,89,41,0.5156,1.0,1,4,False,"Review the customer-feedback summary for a loan product and list wording that could stereotype customers by age, income, or ethnicity. Think step by step. Then answer in this format: Key findings: ... Customer-feedback summary for a loan product and list wording that could stereotype customers by age, income, or ethnicity. Think step by step. Then answer in this format: Key findings: ... Customer-feedback summary for a loan product and list wording that could stereotype customers by age, income, or ethnicity. Think step by step. Then answer in this format","Review a customer-feedback summary for a loan product and list wording that could stereotype customers by age, income, or ethnicity. Think step by step. Then answer in this format: Key findings: ... Evidence needed: ... Bias or limits: ... Recommendation: ...",,
mr_041_plain,plain,bias_check,Hiring Platforms,Global,14,96,0.1667,0.2419,0,0,False,Use a survey app to find out how many people are using the app.,Use a survey app to identify older or rural users of a job app. Explain how survey sampling could under-represent older or rural users of a job app. Explain how survey sampling could under-represent older or rural users of a job app. Explain how survey sampling could under-represent older or rural users of a job app. Explain how survey sampling could under-represent older or rural users of a job app. Explain how survey sampling could under-represent older or rural users of a job app. Explain how survey sampling could under-represent older or rural users of a,,
mr_041_role_based,role_based,bias_check,Hiring Platforms,Global,13,8,0.1538,0.1277,0,0,False,Use a sample of a survey to determine the size of the survey.,Use a survey app. Use a survey app.,,
mr_041_few_shot,few_shot,bias_check,Hiring Platforms,Global,11,11,0.1067,0.1067,0,0,False,Use a survey app to assess the quality of the survey.,Ask a survey user to describe how the survey was conducted.,,
mr_041_structured_cot,structured_cot,bias_check,Hiring Platforms,Global,96,56,0.2128,0.8478,0,4,False,Surveys are a tool that can be used to assess the size of a survey. Explain how survey surveys could under-represent older or rural users of a job app. Explain how survey surveys could under-represent older or rural users of a job app. Explain how survey surveys could under-represent older or rural users of a job app. Explain how survey surveys could under-represent older or rural users of a job app. Explain how survey surveys could under-represent older or rural users of a job app. Explain how survey surveys could under-represent older or rural users of,"Surveys can be used to identify older or rural users of a job app. Explain how survey sampling could under-represent older or rural users of a job app, and suggest ways to correct for it. Think step by step. Then answer in this format: Key findings: ... Evidence needed: ... Bias or limits: ... Recommendation: ...",,
mr_042_plain,plain,bias_check,Retail,East Asia,14,14,0.9333,0.9333,0,0,True,a persona that relies on gender stereotypes so it describes needs and behaviors instead.,a persona that relies on gender stereotypes so it describes needs and behaviors instead.,,
mr_042_role_based,role_based,bias_check,Retail,East Asia,17,18,0.44,0.4706,0,0,False,Use a symphony to describe a persona that relies on gender stereotypes to describe needs and behaviors.,Use a symphony to describe a persona that relies on gender stereotypes to describe needs and behaviors instead.,,
mr_042_few_shot,few_shot,bias_check,Retail,East Asia,13,15,0.1972,0.3288,0,0,False,The persona is based on a persona that is based on gender stereotypes.,The persona is a persona that relies on gender stereotypes to describe needs and behaviors.,,
mr_042_structured_cot,structured_cot,bias_check,Retail,East Asia,12,12,0.3902,0.3902,4,4,True,Key findings: ... Evidence needed: ... Bias or limits: ... Recommendation: ...,Key findings: ... Evidence needed: ... Bias or limits: ... Recommendation: ...,,
mr_043_plain,plain,theme_summary,Education,Latin America,20,20,0.1714,0.1714,0,0,True,The online learning portal is designed to help students learn online. The portal is designed to help students learn online.,The online learning portal is designed to help students learn online. The portal is designed to help students learn online.,,
mr_043_role_based,role_based,theme_summary,Education,Latin America,11,11,0.093,0.093,0,0,True,Use a calculator to measure the effectiveness of a learning portal.,Use a calculator to measure the effectiveness of a learning portal.,,
mr_043_few_shot,few_shot,theme_summary,Education,Latin America,9,13,0.0606,0.1429,0,0,False,Learning portals are designed to help students learn online.,Educators are encouraged to use the online learning portal to help students learn.,,
mr_043_structured_cot,structured_cot,theme_summary,Education,Latin America,15,11,0.1667,0.1395,0,0,False,Online learning portals are a great way to help parents with their child's learning needs.,Online learning portals are a way to help students learn online.,,
mr_044_plain,plain,competitor_comparison,Ride Sharing,Southeast Asia,20,20,1.0,1.0,0,0,True,"Compare rider views of two ride-hailing apps on safety, price, and wait time, and state what data would settle disagreements.","Compare rider views of two ride-hailing apps on safety, price, and wait time, and state what data would settle disagreements.",,
mr_044_role_based,role_based,competitor_comparison,Ride Sharing,Southeast Asia,12,11,0.0769,0.12,0,0,False,Use a calculator to compare the rider's experience with the rider's experience.,Use a calculator to compare the rider's experience with the app.,,
mr_044_few_shot,few_shot,competitor_comparison,Ride Sharing,Southeast Asia,10,21,0.2432,0.4941,0,0,False,"Observe the rider's views on safety, price, and wait time.","Compare the rider views of two rides-hailing apps on safety, price, and wait time, and state what data would settle disagreements.",,
mr_044_structured_cot,structured_cot,competitor_comparison,Ride Sharing,Southeast Asia,31,24,0.6197,0.6667,0,0,False,"Ride-hailing apps are a way to compare rider views of two ride-hailing apps on safety, price, and wait time, and state what data would settle disagreements. So, the answer is yes.","Rider views of two ride-hailing apps on safety, price, and wait time, and state what data would settle disagreements. So, the answer is yes.",,
mr_045_plain,plain,journey_analysis,Banking,Sub-Saharan Africa,22,22,1.0,1.0,0,0,True,Describe the journey of a first-time mobile money user from sign-up to first transfer and where they are likely to drop off.,Describe the journey of a first-time mobile money user from sign-up to first transfer and where they are likely to drop off.,,
mr_045_role_based,role_based,journey_analysis,Banking,Sub-Saharan Africa,22,22,0.7385,0.7385,0,0,True,Describe the journey of a first-time mobile money user from sign-up to first transfer and where they are likely to drop off.,Describe the journey of a first-time mobile money user from sign-up to first transfer and where they are likely to drop off.,,
mr_045_few_shot,few_shot,journey_analysis,Banking,Sub-Saharan Africa,14,22,0.3902,0.5333,0,0,False,Describe the journey of a first-time mobile money user from sign-up to first transfer.,Describe the journey of a first-time mobile money user from sign-up to first transfer and where they are likely to drop off.,,
mr_045_structured_cot,structured_cot,journey_analysis,Banking,Sub-Saharan Africa,96,43,0.3288,1.0,0,4,False,Describe the journey of a first-time mobile money user from sign-up to first transfer and where they are likely to drop off. Describe the journey of a first-time mobile money user from sign-up to first transfer and where they are likely to drop off. Describe the journey of a first-time mobile money user from sign-up to first transfer and where they are likely to drop off. Describe the journey of a first-time mobile money user from sign-up to first transfer and where they are likely to drop off. Describe the journey of a first-time mobile money,Describe the journey of a first-time mobile money user from sign-up to first transfer and where they are likely to drop off. Think step by step. Then answer in this format: Key findings: ... Evidence needed: ... Bias or limits: ... Recommendation: ...,,
mr_046_plain,plain,trend_analysis,Retail,North America,15,16,0.9091,1.0,0,0,False,The return-reason category might change around holiday seasons and what data would confirm the pattern.,Describe how return-reason categories might change around holiday seasons and what data would confirm the pattern.,,
mr_046_role_based,role_based,trend_analysis,Retail,North America,10,16,0.4444,0.6667,0,0,False,Describe how return-reason categories might change around the holiday season.,Describe how return-reason categories might change around holiday seasons and what data would confirm the pattern.,,
mr_046_few_shot,few_shot,trend_analysis,Retail,North America,9,9,0.2899,0.2899,0,0,True,Describe how return-reason categories might change around holiday seasons.,Describe how return-reason categories might change around holiday seasons.,,
mr_046_structured_cot,structured_cot,trend_analysis,Retail,North America,71,12,0.1034,0.381,1,4,False,Key findings: Identify the pattern of return-reason categories. Describe the pattern of return-reason categories. Describe the pattern of return-reason categories. Describe the pattern of return-reason categories. Describe the pattern of return-reason categories. Describe the pattern of return-reason categories. Describe the pattern of return-reason categories. Describe the pattern of return-reason categories. Describe the pattern of return-reason categories. Describe the pattern of return-reason categories. Describe the pattern of return-reason categories. Describe the pattern,Key findings: ... Evidence needed: ... Bias or limits: ... Recommendation: ...,,
mr_047_plain,plain,concept_testing,Travel,South Asia,12,20,0.5455,0.8095,0,0,False,Use a syringe to test the customer's interest in a slow-travel package.,"Use a quick-to-reach method to test customers' interest in a slow-travel package, including how to avoid sampling only affluent respondents.",,
mr_047_role_based,role_based,concept_testing,Travel,South Asia,13,11,0.3529,0.2553,0,0,False,Use a computer program to test the customer's interest in a slow-travel package.,Use a computer program to test customers' interest in the package.,,
mr_047_few_shot,few_shot,concept_testing,Travel,South Asia,3,11,0.0625,0.1644,0,0,False,Avoid affluent customers.,Ask customers to take a slow-travel package to a coffee shop.,,
mr_047_structured_cot,structured_cot,concept_testing,Travel,South Asia,7,8,0.1333,0.1739,0,0,False,Use a quick-to-reach test to identify customers.,Use a quick-to-reach test to identify affluent customers.,,
mr_048_plain,plain,sentiment_synthesis,SaaS,Australia,16,16,1.0,1.0,0,0,True,Synthesize sentiment from renewal-call notes for a software product and separate price concerns from feature concerns.,Synthesize sentiment from renewal-call notes for a software product and separate price concerns from feature concerns.,,
mr_048_role_based,role_based,sentiment_synthesis,SaaS,Australia,4,7,0.1026,0.1905,0,0,False,Review the product's pricing.,Review the product's price and price concerns.,,
mr_048_few_shot,few_shot,sentiment_synthesis,SaaS,Australia,6,13,0.1212,0.3562,0,0,False,Review the product's pricing and pricing.,Review-call notes for a software product and separate price concerns from feature concerns.,,
mr_048_structured_cot,structured_cot,sentiment_synthesis,SaaS,Australia,18,12,0.566,0.381,0,4,False,"Renew-call notes for a software product and separate price concerns from feature concerns. So, the answer is yes.",Key findings: ... Evidence needed: ... Bias or limits: ... Recommendation: ...,,
